First,Team,RPI,Win%,CGWin%,SOS,Last 10,Margin,OffE,AdjO,DefE,AdjD,EffM,AdjEM,PF,PA,PFAM,TrueS%,OpTS%,TS%M,FG%,OpFG%,FG%M,3P%,FT%,RB%,ST/Pos,TO/Pos,OpTO/Pos,TOM,BL%,PF/Pos
Winner,Maryland-BC,0.5253,0.677,0.857,253,0.8,1.5,1.027,103.4,1.006,105.3,0.021,-1.9,72.5,71,1.5,1.085,1.092,-0.007,0.438,0.447,-0.009,0.382,0.65,0.479,0.105,0.165,0.203,0.038,0.045,0.234
Loser,Virginia,0.6736,0.939,0.833,5,20.3,14.2,1.088,116.5,0.86,84.4,0.228,32.1,67.5,53.4,14.1,1.115,0.947,0.168,0.461,0.375,0.086,0.39,0.758,0.515,0.109,0.138,0.205,0.067,0.074,0.227
,,,,,,,,,,,,,,,,,,,,,,,,,,,,,,,
,Team,RPI,Win%,CGWin%,SOS,Last 10,Margin,OffE,AdjO,DefE,AdjD,EffM,AdjEM,PF,PA,PFAM,TrueS%,OpTS%,TS%M,FG%,OpFG%,FG%M,3P%,FT%,RB%,ST/Pos,TO/Pos,OpTO/Pos,TOM,BL%,PF/Pos
Winner,Kansas State,0.569,0.667,0.778,29,12.9,4.5,1.061,112.2,0.995,97.4,0.066,14.8,72.4,67.9,4.5,1.138,1.074,0.064,0.472,0.429,0.043,0.344,0.742,0.476,0.114,0.168,0.21,0.042,0.056,0.27
Loser,Creighton,0.5761,0.645,0.429,27,10.7,8.8,1.125,116.5,1.006,99.2,0.119,17.3,84,75.1,8.9,1.208,1.055,0.153,0.496,0.438,0.058,0.376,0.749,0.505,0.073,0.152,0.156,0.004,0.038,0.205
,,,,,,,,,,,,,,,,,,,,,,,,,,,,,,,
,Team,RPI,Win%,CGWin%,SOS,Last 10,Margin,OffE,AdjO,DefE,AdjD,EffM,AdjEM,PF,PA,PFAM,TrueS%,OpTS%,TS%M,FG%,OpFG%,FG%M,3P%,FT%,RB%,ST/Pos,TO/Pos,OpTO/Pos,TOM,BL%,PF/Pos
Winner,Kentucky,0.6153,0.697,0.667,13,19.6,6.4,1.074,116.4,0.983,96,0.091,20.4,76.7,70.3,6.4,1.107,1.006,0.101,0.47,0.406,0.064,0.361,0.697,0.533,0.079,0.182,0.167,-0.015,0.081,0.264
Loser,Davidson,0.5651,0.645,0.5,80,11.9,8.9,1.143,117.4,1.01,102.5,0.133,14.9,76.4,67.6,8.8,1.209,1.072,0.137,0.483,0.437,0.046,0.391,0.797,0.511,0.072,0.143,0.16,0.017,0.035,0.225
,,,,,,,,,,,,,,,,,,,,,,,,,,,,,,,
,Team,RPI,Win%,CGWin%,SOS,Last 10,Margin,OffE,AdjO,DefE,AdjD,EffM,AdjEM,PF,PA,PFAM,TrueS%,OpTS%,TS%M,FG%,OpFG%,FG%M,3P%,FT%,RB%,ST/Pos,TO/Pos,OpTO/Pos,TOM,BL%,PF/Pos
Winner,Buffalo,0.5959,0.758,0.625,117,9.7,8.2,1.108,114.3,1.001,103.8,0.107,10.5,84.7,76.5,8.2,1.143,1.064,0.079,0.474,0.428,0.046,0.372,0.696,0.517,0.081,0.162,0.178,0.016,0.072,0.277
Loser,Arizona,0.6145,0.794,0.571,60,15.2,9.7,1.139,119,1.002,99.6,0.137,19.4,80.9,71.2,9.7,1.203,1.06,0.143,0.505,0.431,0.074,0.377,0.761,0.558,0.07,0.173,0.164,-0.009,0.078,0.245
,,,,,,,,,,,,,,,,,,,,,,,,,,,,,,,
,Team,RPI,Win%,CGWin%,SOS,Last 10,Margin,OffE,AdjO,DefE,AdjD,EffM,AdjEM,PF,PA,PFAM,TrueS%,OpTS%,TS%M,FG%,OpFG%,FG%M,3P%,FT%,RB%,ST/Pos,TO/Pos,OpTO/Pos,TOM,BL%,PF/Pos
Winner,Loyola Chicago,0.5952,0.844,0.5,110,11.9,9.7,1.071,111.3,0.927,96.2,0.144,15.1,71.7,62,9.7,1.206,1.003,0.203,0.506,0.413,0.093,0.4,0.725,0.509,0.099,0.185,0.197,0.012,0.043,0.209
Loser,Miami,0.5956,0.71,0.889,42,11,6.1,1.057,113.3,0.969,97.6,0.088,15.7,74.2,68,6.2,1.102,1.04,0.062,0.464,0.43,0.034,0.363,0.663,0.505,0.093,0.161,0.185,0.024,0.069,0.232
,,,,,,,,,,,,,,,,,,,,,,,,,,,,,,,
,Team,RPI,Win%,CGWin%,SOS,Last 10,Margin,OffE,AdjO,DefE,AdjD,EffM,AdjEM,PF,PA,PFAM,TrueS%,OpTS%,TS%M,FG%,OpFG%,FG%M,3P%,FT%,RB%,ST/Pos,TO/Pos,OpTO/Pos,TOM,BL%,PF/Pos
Winner,Tennessee,0.6292,0.781,0.667,8,13.4,7.8,1.065,114.8,0.953,92.7,0.112,22.1,74.2,66.4,7.8,1.1,1.022,0.078,0.439,0.41,0.029,0.384,0.756,0.513,0.09,0.175,0.2,0.025,0.082,0.281
Loser,Wright State,0.5386,0.719,0.636,201,2.5,5.2,0.997,101.1,0.925,98.3,0.072,2.8,71.3,66.2,5.1,1.058,1.032,0.026,0.431,0.413,0.018,0.34,0.719,0.518,0.092,0.183,0.207,0.024,0.041,0.224
,,,,,,,,,,,,,,,,,,,,,,,,,,,,,,,
,Team,RPI,Win%,CGWin%,SOS,Last 10,Margin,OffE,AdjO,DefE,AdjD,EffM,AdjEM,PF,PA,PFAM,TrueS%,OpTS%,TS%M,FG%,OpFG%,FG%M,3P%,FT%,RB%,ST/Pos,TO/Pos,OpTO/Pos,TOM,BL%,PF/Pos
Winner,Nevada,0.6124,0.794,0.429,78,9.9,10.2,1.14,119.9,1,101.7,0.14,18.2,83.1,72.9,10.2,1.168,1.048,0.12,0.468,0.43,0.038,0.398,0.747,0.499,0.086,0.136,0.178,0.042,0.067,0.237
Loser,Texas,0.5701,0.576,0.538,7,11.4,3.5,1.016,109.4,0.966,93.9,0.05,15.5,71.7,68.2,3.5,1.052,1.019,0.033,0.438,0.422,0.016,0.315,0.668,0.499,0.088,0.167,0.179,0.012,0.083,0.228
,,,,,,,,,,,,,,,,,,,,,,,,,,,,,,,
,Team,RPI,Win%,CGWin%,SOS,Last 10,Margin,OffE,AdjO,DefE,AdjD,EffM,AdjEM,PF,PA,PFAM,TrueS%,OpTS%,TS%M,FG%,OpFG%,FG%M,3P%,FT%,RB%,ST/Pos,TO/Pos,OpTO/Pos,TOM,BL%,PF/Pos
Winner,Cincinnati,0.6315,0.879,0.6,44,19.2,17.3,1.09,113.2,0.837,86.2,0.253,27,74.5,57.1,17.4,1.093,0.924,0.169,0.453,0.37,0.083,0.357,0.687,0.553,0.107,0.168,0.217,0.049,0.101,0.23
Loser,Georgia State,0.5197,0.677,0.375,166,6.6,6.7,1.061,109,0.966,101.8,0.095,7.2,74.7,67.8,6.9,1.128,1.025,0.103,0.46,0.393,0.067,0.391,0.683,0.475,0.102,0.164,0.203,0.039,0.08,0.265
,,,,,,,,,,,,,,,,,,,,,,,,,,,,,,,
,Team,RPI,Win%,CGWin%,SOS,Last 10,Margin,OffE,AdjO,DefE,AdjD,EffM,AdjEM,PF,PA,PFAM,TrueS%,OpTS%,TS%M,FG%,OpFG%,FG%M,3P%,FT%,RB%,ST/Pos,TO/Pos,OpTO/Pos,TOM,BL%,PF/Pos
Winner,Kansas State,0.569,0.667,0.778,29,12.9,4.5,1.061,112.2,0.995,97.4,0.066,14.8,72.4,67.9,4.5,1.138,1.074,0.064,0.472,0.429,0.043,0.344,0.742,0.476,0.114,0.168,0.21,0.042,0.056,0.27
Loser,Maryland-BC,0.5253,0.677,0.857,253,0.8,1.5,1.027,103.4,1.006,105.3,0.021,-1.9,72.5,71,1.5,1.085,1.092,-0.007,0.438,0.447,-0.009,0.382,0.65,0.479,0.105,0.165,0.203,0.038,0.045,0.234
,,,,,,,,,,,,,,,,,,,,,,,,,,,,,,,
,Team,RPI,Win%,CGWin%,SOS,Last 10,Margin,OffE,AdjO,DefE,AdjD,EffM,AdjEM,PF,PA,PFAM,TrueS%,OpTS%,TS%M,FG%,OpFG%,FG%M,3P%,FT%,RB%,ST/Pos,TO/Pos,OpTO/Pos,TOM,BL%,PF/Pos
Winner,Kentucky,0.6153,0.697,0.667,13,19.6,6.4,1.074,116.4,0.983,96,0.091,20.4,76.7,70.3,6.4,1.107,1.006,0.101,0.47,0.406,0.064,0.361,0.697,0.533,0.079,0.182,0.167,-0.015,0.081,0.264
Loser,Buffalo,0.5959,0.758,0.625,117,9.7,8.2,1.108,114.3,1.001,103.8,0.107,10.5,84.7,76.5,8.2,1.143,1.064,0.079,0.474,0.428,0.046,0.372,0.696,0.517,0.081,0.162,0.178,0.016,0.072,0.277
,,,,,,,,,,,,,,,,,,,,,,,,,,,,,,,
,Team,RPI,Win%,CGWin%,SOS,Last 10,Margin,OffE,AdjO,DefE,AdjD,EffM,AdjEM,PF,PA,PFAM,TrueS%,OpTS%,TS%M,FG%,OpFG%,FG%M,3P%,FT%,RB%,ST/Pos,TO/Pos,OpTO/Pos,TOM,BL%,PF/Pos
Winner,Loyola Chicago,0.5952,0.844,0.5,110,11.9,9.7,1.071,111.3,0.927,96.2,0.144,15.1,71.7,62,9.7,1.206,1.003,0.203,0.506,0.413,0.093,0.4,0.725,0.509,0.099,0.185,0.197,0.012,0.043,0.209
Loser,Tennessee,0.6292,0.781,0.667,8,13.4,7.8,1.065,114.8,0.953,92.7,0.112,22.1,74.2,66.4,7.8,1.1,1.022,0.078,0.439,0.41,0.029,0.384,0.756,0.513,0.09,0.175,0.2,0.025,0.082,0.281
,,,,,,,,,,,,,,,,,,,,,,,,,,,,,,,
,Team,RPI,Win%,CGWin%,SOS,Last 10,Margin,OffE,AdjO,DefE,AdjD,EffM,AdjEM,PF,PA,PFAM,TrueS%,OpTS%,TS%M,FG%,OpFG%,FG%M,3P%,FT%,RB%,ST/Pos,TO/Pos,OpTO/Pos,TOM,BL%,PF/Pos
Winner,Nevada,0.6124,0.794,0.429,78,9.9,10.2,1.14,119.9,1,101.7,0.14,18.2,83.1,72.9,10.2,1.168,1.048,0.12,0.468,0.43,0.038,0.398,0.747,0.499,0.086,0.136,0.178,0.042,0.067,0.237
Loser,Cincinnati,0.6315,0.879,0.6,44,19.2,17.3,1.09,113.2,0.837,86.2,0.253,27,74.5,57.1,17.4,1.093,0.924,0.169,0.453,0.37,0.083,0.357,0.687,0.553,0.107,0.168,0.217,0.049,0.101,0.23
,,,,,,,,,,,,,,,,,,,,,,,,,,,,,,,
,Team,RPI,Win%,CGWin%,SOS,Last 10,Margin,OffE,AdjO,DefE,AdjD,EffM,AdjEM,PF,PA,PFAM,TrueS%,OpTS%,TS%M,FG%,OpFG%,FG%M,3P%,FT%,RB%,ST/Pos,TO/Pos,OpTO/Pos,TOM,BL%,PF/Pos
Winner,Kansas State,0.569,0.667,0.778,29,12.9,4.5,1.061,112.2,0.995,97.4,0.066,14.8,72.4,67.9,4.5,1.138,1.074,0.064,0.472,0.429,0.043,0.344,0.742,0.476,0.114,0.168,0.21,0.042,0.056,0.27
Loser,Kentucky,0.6153,0.697,0.667,13,19.6,6.4,1.074,116.4,0.983,96,0.091,20.4,76.7,70.3,6.4,1.107,1.006,0.101,0.47,0.406,0.064,0.361,0.697,0.533,0.079,0.182,0.167,-0.015,0.081,0.264
,,,,,,,,,,,,,,,,,,,,,,,,,,,,,,,
,Team,RPI,Win%,CGWin%,SOS,Last 10,Margin,OffE,AdjO,DefE,AdjD,EffM,AdjEM,PF,PA,PFAM,TrueS%,OpTS%,TS%M,FG%,OpFG%,FG%M,3P%,FT%,RB%,ST/Pos,TO/Pos,OpTO/Pos,TOM,BL%,PF/Pos
Winner,Loyola Chicago,0.5952,0.844,0.5,110,11.9,9.7,1.071,111.3,0.927,96.2,0.144,15.1,71.7,62,9.7,1.206,1.003,0.203,0.506,0.413,0.093,0.4,0.725,0.509,0.099,0.185,0.197,0.012,0.043,0.209
Loser,Nevada,0.6124,0.794,0.429,78,9.9,10.2,1.14,119.9,1,101.7,0.14,18.2,83.1,72.9,10.2,1.168,1.048,0.12,0.468,0.43,0.038,0.398,0.747,0.499,0.086,0.136,0.178,0.042,0.067,0.237
,,,,,,,,,,,,,,,,,,,,,,,,,,,,,,,
,Team,RPI,Win%,CGWin%,SOS,Last 10,Margin,OffE,AdjO,DefE,AdjD,EffM,AdjEM,PF,PA,PFAM,TrueS%,OpTS%,TS%M,FG%,OpFG%,FG%M,3P%,FT%,RB%,ST/Pos,TO/Pos,OpTO/Pos,TOM,BL%,PF/Pos
Winner,Loyola Chicago,0.5952,0.844,0.5,110,11.9,9.7,1.071,111.3,0.927,96.2,0.144,15.1,71.7,62,9.7,1.206,1.003,0.203,0.506,0.413,0.093,0.4,0.725,0.509,0.099,0.185,0.197,0.012,0.043,0.209
Loser,Kansas State,0.569,0.667,0.778,29,12.9,4.5,1.061,112.2,0.995,97.4,0.066,14.8,72.4,67.9,4.5,1.138,1.074,0.064,0.472,0.429,0.043,0.344,0.742,0.476,0.114,0.168,0.21,0.042,0.056,0.27
,,,,,,,,,,,,,,,,,,,,,,,,,,,,,,,
,Team,RPI,Win%,CGWin%,SOS,Last 10,Margin,OffE,AdjO,DefE,AdjD,EffM,AdjEM,PF,PA,PFAM,TrueS%,OpTS%,TS%M,FG%,OpFG%,FG%M,3P%,FT%,RB%,ST/Pos,TO/Pos,OpTO/Pos,TOM,BL%,PF/Pos
Winner,Xavier,0.6467,0.849,0.9,19,16.6,9.8,1.137,120.7,1.005,99,0.132,21.7,84.3,74.5,9.8,1.202,1.061,0.141,0.491,0.431,0.06,0.369,0.79,0.551,0.079,0.168,0.153,-0.015,0.047,0.228
Loser,Texas Southern,0.4688,0.441,0.333,290,-4.5,-2.1,1.037,105.3,1.065,112.9,-0.028,-7.6,77.6,79.7,-2.1,1.101,1.079,0.022,0.441,0.454,-0.013,0.363,0.719,0.487,0.075,0.168,0.156,-0.012,0.061,0.235
,,,,,,,,,,,,,,,,,,,,,,,,,,,,,,,
,Team,RPI,Win%,CGWin%,SOS,Last 10,Margin,OffE,AdjO,DefE,AdjD,EffM,AdjEM,PF,PA,PFAM,TrueS%,OpTS%,TS%M,FG%,OpFG%,FG%M,3P%,FT%,RB%,ST/Pos,TO/Pos,OpTO/Pos,TOM,BL%,PF/Pos
Winner,Florida State,0.5699,0.645,0.5,38,7.7,7.3,1.087,115.8,0.99,100,0.097,15.8,81.8,74.5,7.3,1.132,1.048,0.084,0.474,0.421,0.053,0.351,0.685,0.521,0.089,0.173,0.187,0.014,0.083,0.243
Loser,Missouri,0.577,0.613,0.455,39,11.4,5.2,1.057,113.3,0.982,97.8,0.075,15.5,73.5,68.3,5.2,1.163,1.006,0.157,0.455,0.407,0.048,0.392,0.746,0.53,0.073,0.202,0.156,-0.046,0.07,0.257
,,,,,,,,,,,,,,,,,,,,,,,,,,,,,,,
,Team,RPI,Win%,CGWin%,SOS,Last 10,Margin,OffE,AdjO,DefE,AdjD,EffM,AdjEM,PF,PA,PFAM,TrueS%,OpTS%,TS%M,FG%,OpFG%,FG%M,3P%,FT%,RB%,ST/Pos,TO/Pos,OpTO/Pos,TOM,BL%,PF/Pos
Winner,Ohio State,0.6058,0.75,0.5,32,13.8,9.1,1.09,116.2,0.959,95,0.131,21.2,75.8,66.7,9.1,1.145,1.029,0.116,0.485,0.415,0.07,0.353,0.726,0.54,0.087,0.17,0.177,0.007,0.07,0.25
Loser,South Dakota State,0.5751,0.8,1,114,9.9,7.7,1.121,114.6,1.017,104,0.104,10.6,83.4,75.6,7.8,1.165,1.057,0.108,0.459,0.438,0.021,0.392,0.764,0.517,0.065,0.136,0.14,0.004,0.035,0.221
,,,,,,,,,,,,,,,,,,,,,,,,,,,,,,,
,Team,RPI,Win%,CGWin%,SOS,Last 10,Margin,OffE,AdjO,DefE,AdjD,EffM,AdjEM,PF,PA,PFAM,TrueS%,OpTS%,TS%M,FG%,OpFG%,FG%M,3P%,FT%,RB%,ST/Pos,TO/Pos,OpTO/Pos,TOM,BL%,PF/Pos
Winner,Gonzaga,0.5978,0.882,0.5,70,17.9,17.4,1.172,119.8,0.931,95.1,0.241,24.7,84.5,67.1,17.4,1.201,1.008,0.193,0.503,0.405,0.098,0.374,0.722,0.564,0.089,0.157,0.17,0.013,0.063,0.236
Loser,UNC-Greensboro,0.5587,0.774,0.667,164,8.9,8.8,1.047,105.7,0.919,96.6,0.128,9.1,72.1,63.3,8.8,1.089,1.044,0.045,0.438,0.409,0.029,0.356,0.701,0.542,0.107,0.195,0.213,0.018,0.075,0.27
,,,,,,,,,,,,,,,,,,,,,,,,,,,,,,,
,Team,RPI,Win%,CGWin%,SOS,Last 10,Margin,OffE,AdjO,DefE,AdjD,EffM,AdjEM,PF,PA,PFAM,TrueS%,OpTS%,TS%M,FG%,OpFG%,FG%M,3P%,FT%,RB%,ST/Pos,TO/Pos,OpTO/Pos,TOM,BL%,PF/Pos
Winner,Houston,0.6126,0.812,0.667,62,22.1,12.5,1.107,115.8,0.928,100,0.179,15.8,77.4,64.9,12.5,1.135,1.01,0.125,0.466,0.397,0.069,0.387,0.717,0.549,0.092,0.174,0.19,0.016,0.058,0.3
Loser,San Diego State,0.5637,0.677,0.333,85,13.6,8.6,1.076,111.3,0.955,97.1,0.121,14.2,77.1,68.4,8.7,1.107,1.044,0.063,0.458,0.421,0.037,0.343,0.722,0.535,0.086,0.167,0.19,0.023,0.054,0.241
,,,,,,,,,,,,,,,,,,,,,,,,,,,,,,,
,Team,RPI,Win%,CGWin%,SOS,Last 10,Margin,OffE,AdjO,DefE,AdjD,EffM,AdjEM,PF,PA,PFAM,TrueS%,OpTS%,TS%M,FG%,OpFG%,FG%M,3P%,FT%,RB%,ST/Pos,TO/Pos,OpTO/Pos,TOM,BL%,PF/Pos
Winner,Michigan,0.6172,0.794,0.4,15,23.5,10.1,1.093,115.9,0.943,92.7,0.15,23.2,73.6,63.5,10.1,1.125,1.034,0.091,0.466,0.432,0.034,0.363,0.657,0.506,0.092,0.136,0.191,0.055,0.057,0.233
Loser,Montana,0.5529,0.774,0.667,182,5.3,9.3,1.076,110.1,0.949,99.3,0.127,10.8,78.1,68.8,9.3,1.108,1.058,0.05,0.471,0.426,0.045,0.341,0.715,0.536,0.107,0.17,0.206,0.036,0.062,0.29
,,,,,,,,,,,,,,,,,,,,,,,,,,,,,,,
,Team,RPI,Win%,CGWin%,SOS,Last 10,Margin,OffE,AdjO,DefE,AdjD,EffM,AdjEM,PF,PA,PFAM,TrueS%,OpTS%,TS%M,FG%,OpFG%,FG%M,3P%,FT%,RB%,ST/Pos,TO/Pos,OpTO/Pos,TOM,BL%,PF/Pos
Winner,Texas A&M,0.5959,0.625,0.444,16,12.6,5.2,1.037,111.2,0.966,94.3,0.071,16.9,75,69.8,5.2,1.073,0.99,0.083,0.457,0.403,0.054,0.327,0.667,0.539,0.078,0.188,0.156,-0.032,0.095,0.232
Loser,Providence,0.5882,0.618,0.917,31,9.5,1,1.017,108.9,1.003,97,0.014,11.9,73.7,72.7,1,1.07,1.074,-0.004,0.442,0.443,-0.001,0.333,0.703,0.5,0.095,0.172,0.185,0.013,0.064,0.244
,,,,,,,,,,,,,,,,,,,,,,,,,,,,,,,
,Team,RPI,Win%,CGWin%,SOS,Last 10,Margin,OffE,AdjO,DefE,AdjD,EffM,AdjEM,PF,PA,PFAM,TrueS%,OpTS%,TS%M,FG%,OpFG%,FG%M,3P%,FT%,RB%,ST/Pos,TO/Pos,OpTO/Pos,TOM,BL%,PF/Pos
Winner,North Carolina,0.6418,0.714,0.545,1,21.7,8.9,1.115,122,0.995,96.9,0.12,25.1,82,73.1,8.9,1.108,1.049,0.059,0.46,0.422,0.038,0.364,0.741,0.566,0.077,0.164,0.158,-0.006,0.068,0.214
Loser,Lipscomb,0.5351,0.69,0.667,221,1.5,2.4,1.024,103.8,0.994,103.4,0.03,0.4,80.9,78.5,2.4,1.118,1.103,0.015,0.455,0.456,-0.001,0.33,0.725,0.52,0.08,0.198,0.195,-0.003,0.048,0.256
,,,,,,,,,,,,,,,,,,,,,,,,,,,,,,,
,Team,RPI,Win%,CGWin%,SOS,Last 10,Margin,OffE,AdjO,DefE,AdjD,EffM,AdjEM,PF,PA,PFAM,TrueS%,OpTS%,TS%M,FG%,OpFG%,FG%M,3P%,FT%,RB%,ST/Pos,TO/Pos,OpTO/Pos,TOM,BL%,PF/Pos
Winner,Florida State,0.5699,0.645,0.5,38,7.7,7.3,1.087,115.8,0.99,100,0.097,15.8,81.8,74.5,7.3,1.132,1.048,0.084,0.474,0.421,0.053,0.351,0.685,0.521,0.089,0.173,0.187,0.014,0.083,0.243
Loser,Xavier,0.6467,0.849,0.9,19,16.6,9.8,1.137,120.7,1.005,99,0.132,21.7,84.3,74.5,9.8,1.202,1.061,0.141,0.491,0.431,0.06,0.369,0.79,0.551,0.079,0.168,0.153,-0.015,0.047,0.228
,,,,,,,,,,,,,,,,,,,,,,,,,,,,,,,
,Team,RPI,Win%,CGWin%,SOS,Last 10,Margin,OffE,AdjO,DefE,AdjD,EffM,AdjEM,PF,PA,PFAM,TrueS%,OpTS%,TS%M,FG%,OpFG%,FG%M,3P%,FT%,RB%,ST/Pos,TO/Pos,OpTO/Pos,TOM,BL%,PF/Pos
Winner,Gonzaga,0.5978,0.882,0.5,70,17.9,17.4,1.172,119.8,0.931,95.1,0.241,24.7,84.5,67.1,17.4,1.201,1.008,0.193,0.503,0.405,0.098,0.374,0.722,0.564,0.089,0.157,0.17,0.013,0.063,0.236
Loser,Ohio State,0.6058,0.75,0.5,32,13.8,9.1,1.09,116.2,0.959,95,0.131,21.2,75.8,66.7,9.1,1.145,1.029,0.116,0.485,0.415,0.07,0.353,0.726,0.54,0.087,0.17,0.177,0.007,0.07,0.25
,,,,,,,,,,,,,,,,,,,,,,,,,,,,,,,
,Team,RPI,Win%,CGWin%,SOS,Last 10,Margin,OffE,AdjO,DefE,AdjD,EffM,AdjEM,PF,PA,PFAM,TrueS%,OpTS%,TS%M,FG%,OpFG%,FG%M,3P%,FT%,RB%,ST/Pos,TO/Pos,OpTO/Pos,TOM,BL%,PF/Pos
Winner,Michigan,0.6172,0.794,0.4,15,23.5,10.1,1.093,115.9,0.943,92.7,0.15,23.2,73.6,63.5,10.1,1.125,1.034,0.091,0.466,0.432,0.034,0.363,0.657,0.506,0.092,0.136,0.191,0.055,0.057,0.233
Loser,Houston,0.6126,0.812,0.667,62,22.1,12.5,1.107,115.8,0.928,100,0.179,15.8,77.4,64.9,12.5,1.135,1.01,0.125,0.466,0.397,0.069,0.387,0.717,0.549,0.092,0.174,0.19,0.016,0.058,0.3
,,,,,,,,,,,,,,,,,,,,,,,,,,,,,,,
,Team,RPI,Win%,CGWin%,SOS,Last 10,Margin,OffE,AdjO,DefE,AdjD,EffM,AdjEM,PF,PA,PFAM,TrueS%,OpTS%,TS%M,FG%,OpFG%,FG%M,3P%,FT%,RB%,ST/Pos,TO/Pos,OpTO/Pos,TOM,BL%,PF/Pos
Winner,Texas A&M,0.5959,0.625,0.444,16,12.6,5.2,1.037,111.2,0.966,94.3,0.071,16.9,75,69.8,5.2,1.073,0.99,0.083,0.457,0.403,0.054,0.327,0.667,0.539,0.078,0.188,0.156,-0.032,0.095,0.232
Loser,North Carolina,0.6418,0.714,0.545,1,21.7,8.9,1.115,122,0.995,96.9,0.12,25.1,82,73.1,8.9,1.108,1.049,0.059,0.46,0.422,0.038,0.364,0.741,0.566,0.077,0.164,0.158,-0.006,0.068,0.214
,,,,,,,,,,,,,,,,,,,,,,,,,,,,,,,
,Team,RPI,Win%,CGWin%,SOS,Last 10,Margin,OffE,AdjO,DefE,AdjD,EffM,AdjEM,PF,PA,PFAM,TrueS%,OpTS%,TS%M,FG%,OpFG%,FG%M,3P%,FT%,RB%,ST/Pos,TO/Pos,OpTO/Pos,TOM,BL%,PF/Pos
Winner,Florida State,0.5699,0.645,0.5,38,7.7,7.3,1.087,115.8,0.99,100,0.097,15.8,81.8,74.5,7.3,1.132,1.048,0.084,0.474,0.421,0.053,0.351,0.685,0.521,0.089,0.173,0.187,0.014,0.083,0.243
Loser,Gonzaga,0.5978,0.882,0.5,70,17.9,17.4,1.172,119.8,0.931,95.1,0.241,24.7,84.5,67.1,17.4,1.201,1.008,0.193,0.503,0.405,0.098,0.374,0.722,0.564,0.089,0.157,0.17,0.013,0.063,0.236
,,,,,,,,,,,,,,,,,,,,,,,,,,,,,,,
,Team,RPI,Win%,CGWin%,SOS,Last 10,Margin,OffE,AdjO,DefE,AdjD,EffM,AdjEM,PF,PA,PFAM,TrueS%,OpTS%,TS%M,FG%,OpFG%,FG%M,3P%,FT%,RB%,ST/Pos,TO/Pos,OpTO/Pos,TOM,BL%,PF/Pos
Winner,Michigan,0.6172,0.794,0.4,15,23.5,10.1,1.093,115.9,0.943,92.7,0.15,23.2,73.6,63.5,10.1,1.125,1.034,0.091,0.466,0.432,0.034,0.363,0.657,0.506,0.092,0.136,0.191,0.055,0.057,0.233
Loser,Texas A&M,0.5959,0.625,0.444,16,12.6,5.2,1.037,111.2,0.966,94.3,0.071,16.9,75,69.8,5.2,1.073,0.99,0.083,0.457,0.403,0.054,0.327,0.667,0.539,0.078,0.188,0.156,-0.032,0.095,0.232
,,,,,,,,,,,,,,,,,,,,,,,,,,,,,,,
,Team,RPI,Win%,CGWin%,SOS,Last 10,Margin,OffE,AdjO,DefE,AdjD,EffM,AdjEM,PF,PA,PFAM,TrueS%,OpTS%,TS%M,FG%,OpFG%,FG%M,3P%,FT%,RB%,ST/Pos,TO/Pos,OpTO/Pos,TOM,BL%,PF/Pos
Winner,Michigan,0.6172,0.794,0.4,15,23.5,10.1,1.093,115.9,0.943,92.7,0.15,23.2,73.6,63.5,10.1,1.125,1.034,0.091,0.466,0.432,0.034,0.363,0.657,0.506,0.092,0.136,0.191,0.055,0.057,0.233
Loser,Florida State,0.5699,0.645,0.5,38,7.7,7.3,1.087,115.8,0.99,100,0.097,15.8,81.8,74.5,7.3,1.132,1.048,0.084,0.474,0.421,0.053,0.351,0.685,0.521,0.089,0.173,0.187,0.014,0.083,0.243
,,,,,,,,,,,,,,,,,,,,,,,,,,,,,,,
,Team,RPI,Win%,CGWin%,SOS,Last 10,Margin,OffE,AdjO,DefE,AdjD,EffM,AdjEM,PF,PA,PFAM,TrueS%,OpTS%,TS%M,FG%,OpFG%,FG%M,3P%,FT%,RB%,ST/Pos,TO/Pos,OpTO/Pos,TOM,BL%,PF/Pos
Winner,Villanova,0.6599,0.882,0.5,6,24.2,16.2,1.197,127.4,0.975,96,0.222,31.4,87.1,70.9,16.2,1.246,1.05,0.196,0.504,0.434,0.07,0.398,0.771,0.521,0.092,0.142,0.18,0.038,0.066,0.218
Loser,Radford,0.5178,0.625,0.5,244,-0.2,2.1,1.015,103.6,0.983,103.6,0.032,0,66.9,64.9,2,1.061,1.069,-0.008,0.425,0.429,-0.004,0.351,0.733,0.514,0.096,0.181,0.198,0.017,0.055,0.253
,,,,,,,,,,,,,,,,,,,,,,,,,,,,,,,
,Team,RPI,Win%,CGWin%,SOS,Last 10,Margin,OffE,AdjO,DefE,AdjD,EffM,AdjEM,PF,PA,PFAM,TrueS%,OpTS%,TS%M,FG%,OpFG%,FG%M,3P%,FT%,RB%,ST/Pos,TO/Pos,OpTO/Pos,TOM,BL%,PF/Pos
Winner,Alabama,0.5766,0.559,0.5,24,11.5,2.4,1.006,108.5,0.973,94.6,0.033,13.9,72.4,70,2.4,1.095,1.017,0.078,0.458,0.413,0.045,0.325,0.672,0.502,0.089,0.197,0.184,-0.013,0.093,0.264
Loser,Virginia Tech,0.5665,0.656,0.833,36,13.4,8,1.111,115,1,98.4,0.111,16.6,79.7,71.8,7.9,1.2,1.055,0.145,0.498,0.425,0.073,0.385,0.71,0.489,0.08,0.166,0.181,0.015,0.038,0.219
,,,,,,,,,,,,,,,,,,,,,,,,,,,,,,,
,Team,RPI,Win%,CGWin%,SOS,Last 10,Margin,OffE,AdjO,DefE,AdjD,EffM,AdjEM,PF,PA,PFAM,TrueS%,OpTS%,TS%M,FG%,OpFG%,FG%M,3P%,FT%,RB%,ST/Pos,TO/Pos,OpTO/Pos,TOM,BL%,PF/Pos
Winner,West Virginia,0.5942,0.706,0.571,4,17.6,10.6,1.103,119.2,0.956,97.4,0.147,21.8,79.6,69,10.6,1.083,1.077,0.006,0.434,0.425,0.009,0.353,0.766,0.524,0.111,0.157,0.229,0.072,0.099,0.295
Loser,Murray State,0.5708,0.828,0,161,9.3,11.3,1.119,113.1,0.955,100.4,0.164,12.7,77.4,66,11.4,1.168,1.01,0.158,0.477,0.414,0.063,0.374,0.728,0.538,0.095,0.17,0.179,0.009,0.053,0.252
,,,,,,,,,,,,,,,,,,,,,,,,,,,,,,,
,Team,RPI,Win%,CGWin%,SOS,Last 10,Margin,OffE,AdjO,DefE,AdjD,EffM,AdjEM,PF,PA,PFAM,TrueS%,OpTS%,TS%M,FG%,OpFG%,FG%M,3P%,FT%,RB%,ST/Pos,TO/Pos,OpTO/Pos,TOM,BL%,PF/Pos
Winner,Marshall,0.5506,0.697,0.5,147,6.4,4.5,1.065,109.3,1.008,103.9,0.057,5.4,83.6,79.1,4.5,1.167,1.046,0.121,0.468,0.444,0.024,0.355,0.766,0.468,0.084,0.168,0.179,0.011,0.088,0.221
Loser,Wichita State,0.6155,0.781,0.375,45,15.7,11.7,1.148,121.9,0.987,101.9,0.161,20,83,71.3,11.7,1.171,1.059,0.112,0.478,0.419,0.059,0.385,0.738,0.57,0.065,0.16,0.16,0,0.068,0.243
,,,,,,,,,,,,,,,,,,,,,,,,,,,,,,,
,Team,RPI,Win%,CGWin%,SOS,Last 10,Margin,OffE,AdjO,DefE,AdjD,EffM,AdjEM,PF,PA,PFAM,TrueS%,OpTS%,TS%M,FG%,OpFG%,FG%M,3P%,FT%,RB%,ST/Pos,TO/Pos,OpTO/Pos,TOM,BL%,PF/Pos
Winner,Florida,0.5761,0.625,0.25,14,14.9,6.6,1.074,115.1,0.98,96.4,0.094,18.7,76.1,69.4,6.7,1.086,1.053,0.033,0.434,0.429,0.005,0.375,0.719,0.485,0.097,0.139,0.195,0.056,0.082,0.243
Loser,St. Bonaventure,0.5978,0.781,0.889,83,9.3,6.9,1.082,112.3,0.986,101.1,0.096,11.2,77.9,71,6.9,1.133,1.062,0.071,0.456,0.421,0.035,0.398,0.754,0.507,0.096,0.159,0.199,0.04,0.064,0.278
,,,,,,,,,,,,,,,,,,,,,,,,,,,,,,,
,Team,RPI,Win%,CGWin%,SOS,Last 10,Margin,OffE,AdjO,DefE,AdjD,EffM,AdjEM,PF,PA,PFAM,TrueS%,OpTS%,TS%M,FG%,OpFG%,FG%M,3P%,FT%,RB%,ST/Pos,TO/Pos,OpTO/Pos,TOM,BL%,PF/Pos
Winner,Texas Tech,0.5983,0.727,0.625,11,16.6,10.5,1.067,114,0.917,92.1,0.15,21.9,75.2,64.7,10.5,1.121,1.016,0.105,0.464,0.403,0.061,0.366,0.701,0.53,0.105,0.177,0.214,0.037,0.075,0.257
Loser,Stephen F. Austin,0.5339,0.8,0.667,277,10.6,9.8,1.053,105,0.922,99.4,0.131,5.6,78.2,68.4,9.8,1.133,1.084,0.049,0.473,0.427,0.046,0.374,0.701,0.517,0.127,0.203,0.256,0.053,0.058,0.293
,,,,,,,,,,,,,,,,,,,,,,,,,,,,,,,
,Team,RPI,Win%,CGWin%,SOS,Last 10,Margin,OffE,AdjO,DefE,AdjD,EffM,AdjEM,PF,PA,PFAM,TrueS%,OpTS%,TS%M,FG%,OpFG%,FG%M,3P%,FT%,RB%,ST/Pos,TO/Pos,OpTO/Pos,TOM,BL%,PF/Pos
Winner,Butler,0.578,0.606,0.571,17,13.4,6.3,1.085,115.8,0.998,97.9,0.087,17.9,79.1,72.8,6.3,1.137,1.115,0.022,0.472,0.45,0.022,0.356,0.771,0.51,0.092,0.153,0.194,0.041,0.053,0.25
Loser,Arkansas,0.594,0.676,0.875,26,14.5,5.6,1.101,117.3,1.026,101.7,0.075,15.6,81.1,75.5,5.6,1.135,1.09,0.045,0.477,0.428,0.049,0.4,0.678,0.493,0.085,0.149,0.19,0.041,0.08,0.274
,,,,,,,,,,,,,,,,,,,,,,,,,,,,,,,
,Team,RPI,Win%,CGWin%,SOS,Last 10,Margin,OffE,AdjO,DefE,AdjD,EffM,AdjEM,PF,PA,PFAM,TrueS%,OpTS%,TS%M,FG%,OpFG%,FG%M,3P%,FT%,RB%,ST/Pos,TO/Pos,OpTO/Pos,TOM,BL%,PF/Pos
Winner,Purdue,0.6233,0.824,0.545,12,14.3,15.5,1.16,123.2,0.938,96.6,0.222,26.6,81.1,65.6,15.5,1.222,0.987,0.235,0.497,0.41,0.087,0.42,0.743,0.518,0.083,0.153,0.173,0.02,0.084,0.222
Loser,CS-Fullerton,0.5187,0.621,0.727,194,2.5,1,1.008,105,0.994,103.7,0.014,1.3,72.7,71.7,1,1.132,1.055,0.077,0.472,0.422,0.05,0.343,0.737,0.503,0.089,0.201,0.18,-0.021,0.057,0.252
,,,,,,,,,,,,,,,,,,,,,,,,,,,,,,,
,Team,RPI,Win%,CGWin%,SOS,Last 10,Margin,OffE,AdjO,DefE,AdjD,EffM,AdjEM,PF,PA,PFAM,TrueS%,OpTS%,TS%M,FG%,OpFG%,FG%M,3P%,FT%,RB%,ST/Pos,TO/Pos,OpTO/Pos,TOM,BL%,PF/Pos
Winner,Villanova,0.6599,0.882,0.5,6,24.2,16.2,1.197,127.4,0.975,96,0.222,31.4,87.1,70.9,16.2,1.246,1.05,0.196,0.504,0.434,0.07,0.398,0.771,0.521,0.092,0.142,0.18,0.038,0.066,0.218
Loser,Alabama,0.5766,0.559,0.5,24,11.5,2.4,1.006,108.5,0.973,94.6,0.033,13.9,72.4,70,2.4,1.095,1.017,0.078,0.458,0.413,0.045,0.325,0.672,0.502,0.089,0.197,0.184,-0.013,0.093,0.264
,,,,,,,,,,,,,,,,,,,,,,,,,,,,,,,
,Team,RPI,Win%,CGWin%,SOS,Last 10,Margin,OffE,AdjO,DefE,AdjD,EffM,AdjEM,PF,PA,PFAM,TrueS%,OpTS%,TS%M,FG%,OpFG%,FG%M,3P%,FT%,RB%,ST/Pos,TO/Pos,OpTO/Pos,TOM,BL%,PF/Pos
Winner,West Virginia,0.5942,0.706,0.571,4,17.6,10.6,1.103,119.2,0.956,97.4,0.147,21.8,79.6,69,10.6,1.083,1.077,0.006,0.434,0.425,0.009,0.353,0.766,0.524,0.111,0.157,0.229,0.072,0.099,0.295
Loser,Marshall,0.5506,0.697,0.5,147,6.4,4.5,1.065,109.3,1.008,103.9,0.057,5.4,83.6,79.1,4.5,1.167,1.046,0.121,0.468,0.444,0.024,0.355,0.766,0.468,0.084,0.168,0.179,0.011,0.088,0.221
,,,,,,,,,,,,,,,,,,,,,,,,,,,,,,,
,Team,RPI,Win%,CGWin%,SOS,Last 10,Margin,OffE,AdjO,DefE,AdjD,EffM,AdjEM,PF,PA,PFAM,TrueS%,OpTS%,TS%M,FG%,OpFG%,FG%M,3P%,FT%,RB%,ST/Pos,TO/Pos,OpTO/Pos,TOM,BL%,PF/Pos
Winner,Texas Tech,0.5983,0.727,0.625,11,16.6,10.5,1.067,114,0.917,92.1,0.15,21.9,75.2,64.7,10.5,1.121,1.016,0.105,0.464,0.403,0.061,0.366,0.701,0.53,0.105,0.177,0.214,0.037,0.075,0.257
Loser,Florida,0.5761,0.625,0.25,14,14.9,6.6,1.074,115.1,0.98,96.4,0.094,18.7,76.1,69.4,6.7,1.086,1.053,0.033,0.434,0.429,0.005,0.375,0.719,0.485,0.097,0.139,0.195,0.056,0.082,0.243
,,,,,,,,,,,,,,,,,,,,,,,,,,,,,,,
,Team,RPI,Win%,CGWin%,SOS,Last 10,Margin,OffE,AdjO,DefE,AdjD,EffM,AdjEM,PF,PA,PFAM,TrueS%,OpTS%,TS%M,FG%,OpFG%,FG%M,3P%,FT%,RB%,ST/Pos,TO/Pos,OpTO/Pos,TOM,BL%,PF/Pos
Winner,Purdue,0.6233,0.824,0.545,12,14.3,15.5,1.16,123.2,0.938,96.6,0.222,26.6,81.1,65.6,15.5,1.222,0.987,0.235,0.497,0.41,0.087,0.42,0.743,0.518,0.083,0.153,0.173,0.02,0.084,0.222
Loser,Butler,0.578,0.606,0.571,17,13.4,6.3,1.085,115.8,0.998,97.9,0.087,17.9,79.1,72.8,6.3,1.137,1.115,0.022,0.472,0.45,0.022,0.356,0.771,0.51,0.092,0.153,0.194,0.041,0.053,0.25
,,,,,,,,,,,,,,,,,,,,,,,,,,,,,,,
,Team,RPI,Win%,CGWin%,SOS,Last 10,Margin,OffE,AdjO,DefE,AdjD,EffM,AdjEM,PF,PA,PFAM,TrueS%,OpTS%,TS%M,FG%,OpFG%,FG%M,3P%,FT%,RB%,ST/Pos,TO/Pos,OpTO/Pos,TOM,BL%,PF/Pos
Winner,Villanova,0.6599,0.882,0.5,6,24.2,16.2,1.197,127.4,0.975,96,0.222,31.4,87.1,70.9,16.2,1.246,1.05,0.196,0.504,0.434,0.07,0.398,0.771,0.521,0.092,0.142,0.18,0.038,0.066,0.218
Loser,West Virginia,0.5942,0.706,0.571,4,17.6,10.6,1.103,119.2,0.956,97.4,0.147,21.8,79.6,69,10.6,1.083,1.077,0.006,0.434,0.425,0.009,0.353,0.766,0.524,0.111,0.157,0.229,0.072,0.099,0.295
,,,,,,,,,,,,,,,,,,,,,,,,,,,,,,,
,Team,RPI,Win%,CGWin%,SOS,Last 10,Margin,OffE,AdjO,DefE,AdjD,EffM,AdjEM,PF,PA,PFAM,TrueS%,OpTS%,TS%M,FG%,OpFG%,FG%M,3P%,FT%,RB%,ST/Pos,TO/Pos,OpTO/Pos,TOM,BL%,PF/Pos
Winner,Texas Tech,0.5983,0.727,0.625,11,16.6,10.5,1.067,114,0.917,92.1,0.15,21.9,75.2,64.7,10.5,1.121,1.016,0.105,0.464,0.403,0.061,0.366,0.701,0.53,0.105,0.177,0.214,0.037,0.075,0.257
Loser,Purdue,0.6233,0.824,0.545,12,14.3,15.5,1.16,123.2,0.938,96.6,0.222,26.6,81.1,65.6,15.5,1.222,0.987,0.235,0.497,0.41,0.087,0.42,0.743,0.518,0.083,0.153,0.173,0.02,0.084,0.222
,,,,,,,,,,,,,,,,,,,,,,,,,,,,,,,
,Team,RPI,Win%,CGWin%,SOS,Last 10,Margin,OffE,AdjO,DefE,AdjD,EffM,AdjEM,PF,PA,PFAM,TrueS%,OpTS%,TS%M,FG%,OpFG%,FG%M,3P%,FT%,RB%,ST/Pos,TO/Pos,OpTO/Pos,TOM,BL%,PF/Pos
Winner,Villanova,0.6599,0.882,0.5,6,24.2,16.2,1.197,127.4,0.975,96,0.222,31.4,87.1,70.9,16.2,1.246,1.05,0.196,0.504,0.434,0.07,0.398,0.771,0.521,0.092,0.142,0.18,0.038,0.066,0.218
Loser,Texas Tech,0.5983,0.727,0.625,11,16.6,10.5,1.067,114,0.917,92.1,0.15,21.9,75.2,64.7,10.5,1.121,1.016,0.105,0.464,0.403,0.061,0.366,0.701,0.53,0.105,0.177,0.214,0.037,0.075,0.257
,,,,,,,,,,,,,,,,,,,,,,,,,,,,,,,
,Team,RPI,Win%,CGWin%,SOS,Last 10,Margin,OffE,AdjO,DefE,AdjD,EffM,AdjEM,PF,PA,PFAM,TrueS%,OpTS%,TS%M,FG%,OpFG%,FG%M,3P%,FT%,RB%,ST/Pos,TO/Pos,OpTO/Pos,TOM,BL%,PF/Pos
Winner,Kansas,0.6381,0.794,0.8,3,19.7,10.6,1.137,120.9,0.99,97.7,0.147,23.2,81.5,70.9,10.6,1.197,1.028,0.169,0.498,0.422,0.076,0.403,0.701,0.5,0.092,0.163,0.181,0.018,0.068,0.213
Loser,Penn,0.5231,0.733,0.778,157,7.1,6.1,1.035,103.6,0.952,99.9,0.083,3.7,75.7,69.6,6.1,1.106,1.02,0.086,0.458,0.421,0.037,0.347,0.663,0.51,0.08,0.164,0.169,0.005,0.047,0.239
,,,,,,,,,,,,,,,,,,,,,,,,,,,,,,,
,Team,RPI,Win%,CGWin%,SOS,Last 10,Margin,OffE,AdjO,DefE,AdjD,EffM,AdjEM,PF,PA,PFAM,TrueS%,OpTS%,TS%M,FG%,OpFG%,FG%M,3P%,FT%,RB%,ST/Pos,TO/Pos,OpTO/Pos,TOM,BL%,PF/Pos
Winner,Seton Hall,0.5902,0.656,0.444,23,12.8,5.7,1.081,116.3,1.003,99,0.078,17.3,79,73.3,5.7,1.114,1.063,0.051,0.469,0.437,0.032,0.364,0.693,0.53,0.086,0.175,0.175,0,0.058,0.242
Loser,NC State,0.5642,0.656,0.444,53,14.8,6.8,1.096,116.4,1.005,101.3,0.091,15.1,81.2,74.5,6.7,1.123,1.089,0.034,0.47,0.465,0.005,0.372,0.701,0.504,0.101,0.164,0.202,0.038,0.064,0.244
,,,,,,,,,,,,,,,,,,,,,,,,,,,,,,,
,Team,RPI,Win%,CGWin%,SOS,Last 10,Margin,OffE,AdjO,DefE,AdjD,EffM,AdjEM,PF,PA,PFAM,TrueS%,OpTS%,TS%M,FG%,OpFG%,FG%M,3P%,FT%,RB%,ST/Pos,TO/Pos,OpTO/Pos,TOM,BL%,PF/Pos
Winner,Clemson,0.6199,0.719,0.667,25,13.9,7.5,1.06,113.8,0.952,93.5,0.108,20.3,73.3,65.8,7.5,1.13,1.012,0.118,0.453,0.41,0.043,0.366,0.757,0.515,0.082,0.175,0.173,-0.002,0.084,0.231
Loser,New Mexico State,0.5775,0.833,0.75,121,5.6,10.9,1.061,108.5,0.909,94.9,0.152,13.6,75.6,64.7,10.9,1.075,0.994,0.081,0.457,0.398,0.059,0.34,0.643,0.557,0.078,0.172,0.19,0.018,0.053,0.255
,,,,,,,,,,,,,,,,,,,,,,,,,,,,,,,
,Team,RPI,Win%,CGWin%,SOS,Last 10,Margin,OffE,AdjO,DefE,AdjD,EffM,AdjEM,PF,PA,PFAM,TrueS%,OpTS%,TS%M,FG%,OpFG%,FG%M,3P%,FT%,RB%,ST/Pos,TO/Pos,OpTO/Pos,TOM,BL%,PF/Pos
Winner,Auburn,0.6177,0.781,0.5,43,13.2,10.1,1.113,118.2,0.979,97.6,0.134,20.6,83.4,73.3,10.1,1.134,1.073,0.061,0.439,0.425,0.014,0.366,0.786,0.522,0.099,0.164,0.204,0.04,0.094,0.265
Loser,Charleston,0.5645,0.774,0.667,162,7.4,5.4,1.096,109.9,1.017,105.2,0.079,4.7,75.2,69.8,5.4,1.139,1.08,0.059,0.46,0.438,0.022,0.363,0.768,0.493,0.078,0.144,0.175,0.031,0.065,0.243
,,,,,,,,,,,,,,,,,,,,,,,,,,,,,,,
,Team,RPI,Win%,CGWin%,SOS,Last 10,Margin,OffE,AdjO,DefE,AdjD,EffM,AdjEM,PF,PA,PFAM,TrueS%,OpTS%,TS%M,FG%,OpFG%,FG%M,3P%,FT%,RB%,ST/Pos,TO/Pos,OpTO/Pos,TOM,BL%,PF/Pos
Winner,Syracuse,0.5772,0.606,0.444,49,10.3,3,1.002,107.7,0.957,94.1,0.045,13.6,67.5,64.5,3,1.042,1.017,0.025,0.418,0.396,0.022,0.321,0.74,0.532,0.107,0.186,0.191,0.005,0.064,0.242
Loser,TCU,0.5981,0.656,0.333,18,14.9,7.1,1.135,120.6,1.036,101.7,0.099,18.9,83,75.9,7.1,1.187,1.116,0.071,0.499,0.459,0.04,0.4,0.708,0.547,0.09,0.174,0.172,-0.002,0.061,0.23
,,,,,,,,,,,,,,,,,,,,,,,,,,,,,,,
,Team,RPI,Win%,CGWin%,SOS,Last 10,Margin,OffE,AdjO,DefE,AdjD,EffM,AdjEM,PF,PA,PFAM,TrueS%,OpTS%,TS%M,FG%,OpFG%,FG%M,3P%,FT%,RB%,ST/Pos,TO/Pos,OpTO/Pos,TOM,BL%,PF/Pos
Winner,Michigan State,0.6153,0.879,1,20,18.3,16.2,1.154,120,0.923,93.6,0.231,26.4,81,64.8,16.2,1.218,0.934,0.284,0.504,0.366,0.138,0.413,0.751,0.574,0.058,0.188,0.142,-0.046,0.121,0.257
Loser,Bucknell,0.5515,0.735,0.6,120,9.5,8.3,1.081,109.2,0.971,102.4,0.11,6.8,81.1,72.9,8.2,1.151,1.024,0.127,0.472,0.423,0.049,0.343,0.717,0.511,0.075,0.168,0.168,0,0.073,0.248
,,,,,,,,,,,,,,,,,,,,,,,,,,,,,,,
,Team,RPI,Win%,CGWin%,SOS,Last 10,Margin,OffE,AdjO,DefE,AdjD,EffM,AdjEM,PF,PA,PFAM,TrueS%,OpTS%,TS%M,FG%,OpFG%,FG%M,3P%,FT%,RB%,ST/Pos,TO/Pos,OpTO/Pos,TOM,BL%,PF/Pos
Winner,Rhode Island,0.6161,0.806,0.556,76,10.2,8.3,1.076,111.7,0.959,97.3,0.117,14.4,76.2,67.9,8.3,1.088,1.09,-0.002,0.459,0.451,0.008,0.35,0.707,0.505,0.106,0.151,0.224,0.073,0.066,0.269
Loser,Oklahoma,0.5719,0.581,0.625,10,6.1,3.5,1.081,115.1,1.036,100.7,0.045,14.4,85.2,81.6,3.6,1.145,1.074,0.071,0.464,0.445,0.019,0.363,0.748,0.495,0.084,0.169,0.167,-0.002,0.07,0.218
,,,,,,,,,,,,,,,,,,,,,,,,,,,,,,,
,Team,RPI,Win%,CGWin%,SOS,Last 10,Margin,OffE,AdjO,DefE,AdjD,EffM,AdjEM,PF,PA,PFAM,TrueS%,OpTS%,TS%M,FG%,OpFG%,FG%M,3P%,FT%,RB%,ST/Pos,TO/Pos,OpTO/Pos,TOM,BL%,PF/Pos
Winner,Duke,0.638,0.788,0.143,2,23.6,15.1,1.158,122.6,0.952,93.5,0.206,29.1,84.7,69.6,15.1,1.173,0.98,0.193,0.493,0.401,0.092,0.378,0.708,0.562,0.103,0.172,0.164,-0.008,0.083,0.213
Loser,Iona,0.5299,0.606,0.571,140,2.1,3.7,1.076,110.3,1.027,107.4,0.049,2.9,79.8,76.2,3.6,1.142,1.085,0.057,0.462,0.458,0.004,0.388,0.739,0.474,0.092,0.157,0.185,0.028,0.05,0.233
,,,,,,,,,,,,,,,,,,,,,,,,,,,,,,,
,Team,RPI,Win%,CGWin%,SOS,Last 10,Margin,OffE,AdjO,DefE,AdjD,EffM,AdjEM,PF,PA,PFAM,TrueS%,OpTS%,TS%M,FG%,OpFG%,FG%M,3P%,FT%,RB%,ST/Pos,TO/Pos,OpTO/Pos,TOM,BL%,PF/Pos
Winner,Kansas,0.6381,0.794,0.8,3,19.7,10.6,1.137,120.9,0.99,97.7,0.147,23.2,81.5,70.9,10.6,1.197,1.028,0.169,0.498,0.422,0.076,0.403,0.701,0.5,0.092,0.163,0.181,0.018,0.068,0.213
Loser,Seton Hall,0.5902,0.656,0.444,23,12.8,5.7,1.081,116.3,1.003,99,0.078,17.3,79,73.3,5.7,1.114,1.063,0.051,0.469,0.437,0.032,0.364,0.693,0.53,0.086,0.175,0.175,0,0.058,0.242
,,,,,,,,,,,,,,,,,,,,,,,,,,,,,,,
,Team,RPI,Win%,CGWin%,SOS,Last 10,Margin,OffE,AdjO,DefE,AdjD,EffM,AdjEM,PF,PA,PFAM,TrueS%,OpTS%,TS%M,FG%,OpFG%,FG%M,3P%,FT%,RB%,ST/Pos,TO/Pos,OpTO/Pos,TOM,BL%,PF/Pos
Winner,Clemson,0.6199,0.719,0.667,25,13.9,7.5,1.06,113.8,0.952,93.5,0.108,20.3,73.3,65.8,7.5,1.13,1.012,0.118,0.453,0.41,0.043,0.366,0.757,0.515,0.082,0.175,0.173,-0.002,0.084,0.231
Loser,Auburn,0.6177,0.781,0.5,43,13.2,10.1,1.113,118.2,0.979,97.6,0.134,20.6,83.4,73.3,10.1,1.134,1.073,0.061,0.439,0.425,0.014,0.366,0.786,0.522,0.099,0.164,0.204,0.04,0.094,0.265
,,,,,,,,,,,,,,,,,,,,,,,,,,,,,,,
,Team,RPI,Win%,CGWin%,SOS,Last 10,Margin,OffE,AdjO,DefE,AdjD,EffM,AdjEM,PF,PA,PFAM,TrueS%,OpTS%,TS%M,FG%,OpFG%,FG%M,3P%,FT%,RB%,ST/Pos,TO/Pos,OpTO/Pos,TOM,BL%,PF/Pos
Winner,Syracuse,0.5772,0.606,0.444,49,10.3,3,1.002,107.7,0.957,94.1,0.045,13.6,67.5,64.5,3,1.042,1.017,0.025,0.418,0.396,0.022,0.321,0.74,0.532,0.107,0.186,0.191,0.005,0.064,0.242
Loser,Michigan State,0.6153,0.879,1,20,18.3,16.2,1.154,120,0.923,93.6,0.231,26.4,81,64.8,16.2,1.218,0.934,0.284,0.504,0.366,0.138,0.413,0.751,0.574,0.058,0.188,0.142,-0.046,0.121,0.257
,,,,,,,,,,,,,,,,,,,,,,,,,,,,,,,
,Team,RPI,Win%,CGWin%,SOS,Last 10,Margin,OffE,AdjO,DefE,AdjD,EffM,AdjEM,PF,PA,PFAM,TrueS%,OpTS%,TS%M,FG%,OpFG%,FG%M,3P%,FT%,RB%,ST/Pos,TO/Pos,OpTO/Pos,TOM,BL%,PF/Pos
Winner,Duke,0.638,0.788,0.143,2,23.6,15.1,1.158,122.6,0.952,93.5,0.206,29.1,84.7,69.6,15.1,1.173,0.98,0.193,0.493,0.401,0.092,0.378,0.708,0.562,0.103,0.172,0.164,-0.008,0.083,0.213
Loser,Rhode Island,0.6161,0.806,0.556,76,10.2,8.3,1.076,111.7,0.959,97.3,0.117,14.4,76.2,67.9,8.3,1.088,1.09,-0.002,0.459,0.451,0.008,0.35,0.707,0.505,0.106,0.151,0.224,0.073,0.066,0.269
,,,,,,,,,,,,,,,,,,,,,,,,,,,,,,,
,Team,RPI,Win%,CGWin%,SOS,Last 10,Margin,OffE,AdjO,DefE,AdjD,EffM,AdjEM,PF,PA,PFAM,TrueS%,OpTS%,TS%M,FG%,OpFG%,FG%M,3P%,FT%,RB%,ST/Pos,TO/Pos,OpTO/Pos,TOM,BL%,PF/Pos
Winner,Kansas,0.6381,0.794,0.8,3,19.7,10.6,1.137,120.9,0.99,97.7,0.147,23.2,81.5,70.9,10.6,1.197,1.028,0.169,0.498,0.422,0.076,0.403,0.701,0.5,0.092,0.163,0.181,0.018,0.068,0.213
Loser,Clemson,0.6199,0.719,0.667,25,13.9,7.5,1.06,113.8,0.952,93.5,0.108,20.3,73.3,65.8,7.5,1.13,1.012,0.118,0.453,0.41,0.043,0.366,0.757,0.515,0.082,0.175,0.173,-0.002,0.084,0.231
,,,,,,,,,,,,,,,,,,,,,,,,,,,,,,,
,Team,RPI,Win%,CGWin%,SOS,Last 10,Margin,OffE,AdjO,DefE,AdjD,EffM,AdjEM,PF,PA,PFAM,TrueS%,OpTS%,TS%M,FG%,OpFG%,FG%M,3P%,FT%,RB%,ST/Pos,TO/Pos,OpTO/Pos,TOM,BL%,PF/Pos
Winner,Duke,0.638,0.788,0.143,2,23.6,15.1,1.158,122.6,0.952,93.5,0.206,29.1,84.7,69.6,15.1,1.173,0.98,0.193,0.493,0.401,0.092,0.378,0.708,0.562,0.103,0.172,0.164,-0.008,0.083,0.213
Loser,Syracuse,0.5772,0.606,0.444,49,10.3,3,1.002,107.7,0.957,94.1,0.045,13.6,67.5,64.5,3,1.042,1.017,0.025,0.418,0.396,0.022,0.321,0.74,0.532,0.107,0.186,0.191,0.005,0.064,0.242
,,,,,,,,,,,,,,,,,,,,,,,,,,,,,,,
,Team,RPI,Win%,CGWin%,SOS,Last 10,Margin,OffE,AdjO,DefE,AdjD,EffM,AdjEM,PF,PA,PFAM,TrueS%,OpTS%,TS%M,FG%,OpFG%,FG%M,3P%,FT%,RB%,ST/Pos,TO/Pos,OpTO/Pos,TOM,BL%,PF/Pos
Winner,Kansas,0.6381,0.794,0.8,3,19.7,10.6,1.137,120.9,0.99,97.7,0.147,23.2,81.5,70.9,10.6,1.197,1.028,0.169,0.498,0.422,0.076,0.403,0.701,0.5,0.092,0.163,0.181,0.018,0.068,0.213
Loser,Duke,0.638,0.788,0.143,2,23.6,15.1,1.158,122.6,0.952,93.5,0.206,29.1,84.7,69.6,15.1,1.173,0.98,0.193,0.493,0.401,0.092,0.378,0.708,0.562,0.103,0.172,0.164,-0.008,0.083,0.213
,,,,,,,,,,,,,,,,,,,,,,,,,,,,,,,
,Team,RPI,Win%,CGWin%,SOS,Last 10,Margin,OffE,AdjO,DefE,AdjD,EffM,AdjEM,PF,PA,PFAM,TrueS%,OpTS%,TS%M,FG%,OpFG%,FG%M,3P%,FT%,RB%,ST/Pos,TO/Pos,OpTO/Pos,TOM,BL%,PF/Pos
Winner,Michigan,0.6172,0.794,0.4,15,23.5,10.1,1.093,115.9,0.943,92.7,0.15,23.2,73.6,63.5,10.1,1.125,1.034,0.091,0.466,0.432,0.034,0.363,0.657,0.506,0.092,0.136,0.191,0.055,0.057,0.233
Loser,Loyola Chicago,0.5952,0.844,0.5,110,11.9,9.7,1.071,111.3,0.927,96.2,0.144,15.1,71.7,62,9.7,1.206,1.003,0.203,0.506,0.413,0.093,0.4,0.725,0.509,0.099,0.185,0.197,0.012,0.043,0.209
,,,,,,,,,,,,,,,,,,,,,,,,,,,,,,,
,Team,RPI,Win%,CGWin%,SOS,Last 10,Margin,OffE,AdjO,DefE,AdjD,EffM,AdjEM,PF,PA,PFAM,TrueS%,OpTS%,TS%M,FG%,OpFG%,FG%M,3P%,FT%,RB%,ST/Pos,TO/Pos,OpTO/Pos,TOM,BL%,PF/Pos
Winner,Villanova,0.6599,0.882,0.5,6,24.2,16.2,1.197,127.4,0.975,96,0.222,31.4,87.1,70.9,16.2,1.246,1.05,0.196,0.504,0.434,0.07,0.398,0.771,0.521,0.092,0.142,0.18,0.038,0.066,0.218
Loser,Kansas,0.6381,0.794,0.8,3,19.7,10.6,1.137,120.9,0.99,97.7,0.147,23.2,81.5,70.9,10.6,1.197,1.028,0.169,0.498,0.422,0.076,0.403,0.701,0.5,0.092,0.163,0.181,0.018,0.068,0.213
,,,,,,,,,,,,,,,,,,,,,,,,,,,,,,,
,Team,RPI,Win%,CGWin%,SOS,Last 10,Margin,OffE,AdjO,DefE,AdjD,EffM,AdjEM,PF,PA,PFAM,TrueS%,OpTS%,TS%M,FG%,OpFG%,FG%M,3P%,FT%,RB%,ST/Pos,TO/Pos,OpTO/Pos,TOM,BL%,PF/Pos
Winner,Villanova,0.6599,0.882,0.5,6,24.2,16.2,1.197,127.4,0.975,96,0.222,31.4,87.1,70.9,16.2,1.246,1.05,0.196,0.504,0.434,0.07,0.398,0.771,0.521,0.092,0.142,0.18,0.038,0.066,0.218
Loser,Michigan,0.6172,0.794,0.4,15,23.5,10.1,1.093,115.9,0.943,92.7,0.15,23.2,73.6,63.5,10.1,1.125,1.034,0.091,0.466,0.432,0.034,0.363,0.657,0.506,0.092,0.136,0.191,0.055,0.057,0.233